advanced-ev-machines	__gregtorio-continued__/graphics/icons/platinum-rod.png
advanced-glue	__gregtorio-continued__/graphics/fluids/medium-red-fluid.png
advanced-hv-machines	__gregtorio-continued__/graphics/icons/hv-autoclave.png
advanced-smds	__gregtorio-continued__/graphics/icons/advanced-smd-resistor.png
alloy-blast-smelter	__gregtorio-continued__/graphics/icons/alloy-blast-smelter.png
alloy-blast-smelting-older-materials	__gregtorio-continued__/graphics/fluids/phenol.png
assembly-line	__gregtorio-continued__/graphics/icons/luv-assembly-line.png
atto-power-ics	__gregtorio-continued__/graphics/icons/atto-power-ic.png
bacterial-vat	__gregtorio-continued__/graphics/icons/bacterial-vat.png
bedrockium	__gregtorio-continued__/graphics/icons/bedrockium-ingot.png
bio-processor-mainframes	__gregtorio-continued__/graphics/icons/uev-circuit.png
bio-processors	__gregtorio-continued__/graphics/icons/bio-processor.png
chemical-bath-plant	__gregtorio-continued__/graphics/icons/chemical-bath-plant.png
circuit-assembly-line	__gregtorio-continued__/graphics/icons/luv-circuit-assembly-line.png
coke-oven	__gregtorio-continued__/graphics/icons/coke-oven.png
complex-smds	__gregtorio-continued__/graphics/icons/complex-smd-transistor.png
cryogenic-air-distillation	__gregtorio-continued__/graphics/fluids/spackled-light-blue-fluid.png
crystal-processor-mainframes	__gregtorio-continued__/graphics/icons/uv-circuit.png
crystal-processors	__gregtorio-continued__/graphics/icons/crystal-cpu.png
end-steel	__gregtorio-continued__/graphics/icons/end-steel-ingot.png
ender-io	__gregtorio-continued__/graphics/icons/powered-spawner.png
enriched-naquadah	__gregtorio-continued__/graphics/icons/enriched-naquadah-ingot.png
epoxy-processing	__gregtorio-continued__/graphics/fluids/spackled-silvery-gold-fluid.png
ev-components	__gregtorio-continued__/graphics/icons/ev-motor.png
ev-energy-hatches	__gregtorio-continued__/graphics/icons/ev-energy-hatch.png
ev-machines	__gregtorio-continued__/graphics/icons/ev-assembling-machine.png
exotic-processor-mainframes	__gregtorio-continued__/graphics/icons/umv-circuit.png
exotic-processors	__gregtorio-continued__/graphics/icons/exotic-processor.png
extreme-entity-crushers	__gregtorio-continued__/graphics/icons/extreme-entity-crusher.png
femto-power-ics	__gregtorio-continued__/graphics/icons/femto-power-ic.png
fluid-shaper	__gregtorio-continued__/graphics/icons/fluid-shaper.png
fluxed-electrum	__gregtorio-continued__/graphics/icons/fluxed-electrum-ingot.png
fusion-coil-ii	__gregtorio-continued__/graphics/icons/advanced-fusion-coil-ii.png
fusion-plasmas-mk1	__gregtorio-continued__/graphics/fluids/neon.png
fusion-plasmas-mk2	__gregtorio-continued__/graphics/fluids/spackled-light-blue-fluid.png
fusion-plasmas-mk3	__gregtorio-continued__/graphics/fluids/spackled-orange-fluid.png
fusion-plasmas-mk4	__gregtorio-continued__/graphics/fluids/light-orange-fluid.png
fusion-plasmas-mk5	__gregtorio-continued__/graphics/fluids/spackled-purple-fluid.png
fusion-reactor-mk1	__gregtorio-continued__/graphics/icons/fusion-reactor-mk1.png
fusion-reactor-mk2	__gregtorio-continued__/graphics/icons/fusion-reactor-mk2.png
fusion-reactor-mk3	__gregtorio-continued__/graphics/icons/fusion-reactor-mk3.png
fusion-reactor-mk4	__gregtorio-continued__/graphics/icons/fusion-reactor-mk4.png
fusion-reactor-mk5	__gregtorio-continued__/graphics/icons/fusion-reactor-mk5.png
graphene	__gregtorio-continued__/graphics/icons/graphene.png
greenhouse	__gregtorio-continued__/graphics/icons/greenhouse.png
high-pressure-steam-turbine	__gregtorio-continued__/graphics/icons/high-pressure-steam-turbine.png
hsse	__gregtorio-continued__/graphics/icons/hsse-ingot.png
hssg	__gregtorio-continued__/graphics/icons/hssg-ingot.png
hsss-parts	__gregtorio-continued__/graphics/icons/hsss-plate.png
hsss	__gregtorio-continued__/graphics/icons/hsss-ingot.png
hyper-intensity-laser-engraver	__gregtorio-continued__/graphics/icons/hyper-intensity-laser-engraver.png
indium	__gregtorio-continued__/graphics/icons/indium.png
industrial-centrifuge	__gregtorio-continued__/graphics/icons/industrial-centrifuge.png
industrial-cutting-factory	__gregtorio-continued__/graphics/icons/industrial-cutting-factory.png
industrial-electrolyzer	__gregtorio-continued__/graphics/icons/industrial-electrolyzer.png
industrial-extrusion-machine	__gregtorio-continued__/graphics/icons/industrial-extrusion-machine.png
industrial-maceration-stack	__gregtorio-continued__/graphics/icons/industrial-maceration-stack.png
industrial-mixer	__gregtorio-continued__/graphics/icons/industrial-mixer.png
industrial-precision-lathe	__gregtorio-continued__/graphics/icons/industrial-precision-lathe.png
industrial-wire-factory	__gregtorio-continued__/graphics/icons/industrial-wire-factory.png
iridium	__gregtorio-continued__/graphics/icons/iridium-ingot.png
iv-components	__gregtorio-continued__/graphics/icons/iv-motor.png
iv-energy-hatches	__gregtorio-continued__/graphics/icons/iv-energy-hatch.png
iv-machines	__gregtorio-continued__/graphics/icons/fork/iv-assembling-machine.png
lapotronic-energy-orbs	__gregtorio-continued__/graphics/icons/lapotronic-energy-orb-cluster.png
large-electric-compressor	__gregtorio-continued__/graphics/icons/large-electric-compressor.png
large-extractor	__gregtorio-continued__/graphics/icons/large-extractor.png
large-naquadah-reactor	__gregtorio-continued__/graphics/icons/fork/uv-large-naquadah-reactor.png
large-steam-turbine	__gregtorio-continued__/graphics/icons/large-steam-turbine.png
luv-components	__gregtorio-continued__/graphics/icons/luv-motor.png
luv-energy-hatches	__gregtorio-continued__/graphics/icons/luv-energy-hatch.png
luv-machines	__gregtorio-continued__/graphics/icons/fork/luv-assembling-machine.png
magnetic-flux-exhibiter	__gregtorio-continued__/graphics/icons/magnetic-flux-exhibiter.png
mainframes	__gregtorio-continued__/graphics/icons/iv-circuit.png
multismelter	__gregtorio-continued__/graphics/icons/mv-multismelter.png
nano-power-ics	__gregtorio-continued__/graphics/icons/nano-power-ic.png
nanoprocessors	__gregtorio-continued__/graphics/icons/hv-circuit.png
naquadah-alloy	__gregtorio-continued__/graphics/icons/naquadah-alloy-ingot.png
naquadah-fuels	__gregtorio-continued__/graphics/fluids/spackled-forest-green-fluid.png
naquadah-processing	__gregtorio-continued__/graphics/icons/naquadah-ingot.png
nether-data	__gregtorio-continued__/graphics/icons/nether-data.png
niobium-and-tantalum-extraction	__gregtorio-continued__/graphics/icons/niobium-pentoxide.png
niobium-titanium	__gregtorio-continued__/graphics/icons/niobium-titanium-ingot.png
nuclear-fuel-rods	__gregtorio-continued__/graphics/icons/thorium-dust.png
optical-processor-mainframes	__gregtorio-continued__/graphics/icons/uiv-circuit.png
optical-processors	__gregtorio-continued__/graphics/icons/optical-processor.png
osmium	__gregtorio-continued__/graphics/icons/osmium-ingot.png
overworld-data	__gregtorio-continued__/graphics/icons/overworld-data.png
palladium	__gregtorio-continued__/graphics/icons/palladium-ingot.png
phosphorus-doped-monocrystaline-silicon-boules	__gregtorio-continued__/graphics/icons/phosphorus-doped-monocrystaline-silicon-boule.png
pico-quantum-power-ics	__gregtorio-continued__/graphics/icons/quantum-power-ic.png
plasma-turbine	__gregtorio-continued__/graphics/icons/fork/luv-large-plasma-turbine.png
platinum-line-initialization	__gregtorio-continued__/graphics/fluids/spackled-orange-fluid.png
platinum-ore-processing	__gregtorio-continued__/graphics/icons/platinum-group-sludge.png
platinum	__gregtorio-continued__/graphics/icons/platinum-ingot.png
polybenzimidazole	__gregtorio-continued__/graphics/fluids/black-fluid.png
polyphenylene-sulfide	__gregtorio-continued__/graphics/fluids/methanol.png
ptfe	__gregtorio-continued__/graphics/fluids/dark-blue-spackled-fluid.png
quantium	__gregtorio-continued__/graphics/icons/quantium-ingot.png
qubit-cpus	__gregtorio-continued__/graphics/icons/indium-gallium-phosphide.png
reinforced-glass	__gregtorio-continued__/graphics/icons/reinforced-glass.png
rhodium-plated-palladium	__gregtorio-continued__/graphics/icons/rhodium-plated-palladium-ingot.png
rhodium	__gregtorio-continued__/graphics/icons/rhodium-dust.png
rocket-fuel	__gregtorio-continued__/graphics/fluids/rocket-fuel.png
ruridit	__gregtorio-continued__/graphics/icons/ruridit-ingot.png
ruthenium	__gregtorio-continued__/graphics/icons/ruthenium-dust.png
silicone-rubber	__gregtorio-continued__/graphics/fluids/spackled-gray-fluid.png
smd-components	__gregtorio-continued__/graphics/icons/smd-transistor.png
space-coolant-cells	__gregtorio-continued__/graphics/icons/1080k-super-coolant-cell.png
staballoy	__gregtorio-continued__/graphics/icons/staballoy-ingot.png
super-coolant	__gregtorio-continued__/graphics/fluids/spackled-light-blue-fluid.png
super-glue	__gregtorio-continued__/graphics/fluids/ethane.png
temporal-processor-mainframes	__gregtorio-continued__/graphics/icons/uxv-circuit.png
temporal-processors	__gregtorio-continued__/graphics/icons/temporal-processor.png
the-end-data	__gregtorio-continued__/graphics/icons/the-end-data.png
tier-four-microminers	__gregtorio-continued__/graphics/icons/tungsten-carbide-plated-microminer.png
titanium	__gregtorio-continued__/graphics/icons/titanium-ingot.png
tungstate-processing	__gregtorio-continued__/graphics/icons/raw-tungstate.png
tungsten-carbide	__gregtorio-continued__/graphics/icons/tungsten-carbide-ingot.png
tungsten	__gregtorio-continued__/graphics/icons/tungsten-ingot.png
tungstensteel	__gregtorio-continued__/graphics/icons/tungstensteel-ingot.png
uev-components	__gregtorio-continued__/graphics/icons/uev-motor.png
uev-energy-hatches	__gregtorio-continued__/graphics/icons/uev-energy-hatch.png
uev-machines	__gregtorio-continued__/graphics/icons/fork/uev-assembling-machine.png
uev-materials	__gregtorio-continued__/graphics/icons/infinity-ingot.png
uev-multiblocks	__gregtorio-continued__/graphics/icons/hv-electric-blast-furnace.png
uev-naquadah-reactor	__gregtorio-continued__/graphics/icons/fork/uev-large-naquadah-reactor.png
uev-plasma-turbine	__gregtorio-continued__/graphics/icons/fork/uev-large-plasma-turbine.png
uhv-components	__gregtorio-continued__/graphics/icons/uhv-motor.png
uhv-energy-hatches	__gregtorio-continued__/graphics/icons/uhv-energy-hatch.png
uhv-machines	__gregtorio-continued__/graphics/icons/fork/uhv-assembling-machine.png
uhv-materials	__gregtorio-continued__/graphics/icons/tritanium-ingot.png
uhv-multiblocks	__gregtorio-continued__/graphics/icons/hv-electric-blast-furnace.png
uhv-naquadah-reactor	__gregtorio-continued__/graphics/icons/fork/uhv-large-naquadah-reactor.png
uhv-plasma-turbine	__gregtorio-continued__/graphics/icons/fork/uhv-large-plasma-turbine.png
uiv-components	__gregtorio-continued__/graphics/icons/uiv-motor.png
uiv-energy-hatches	__gregtorio-continued__/graphics/icons/uiv-energy-hatch.png
uiv-machines	__gregtorio-continued__/graphics/icons/fork/uiv-assembling-machine.png
uiv-materials	__gregtorio-continued__/graphics/icons/transcendent-metal-ingot.png
uiv-multiblocks	__gregtorio-continued__/graphics/icons/hv-electric-blast-furnace.png
uiv-naquadah-reactor	__gregtorio-continued__/graphics/icons/fork/uiv-large-naquadah-reactor.png
uiv-plasma-turbine	__gregtorio-continued__/graphics/icons/fork/uiv-large-plasma-turbine.png
umv-components	__gregtorio-continued__/graphics/icons/umv-field-generator.png
umv-energy-hatches	__gregtorio-continued__/graphics/icons/umv-energy-hatch.png
umv-machines	__gregtorio-continued__/graphics/icons/fork/umv-assembling-machine.png
umv-materials	__gregtorio-continued__/graphics/icons/spacetime-plate.png
umv-multiblocks	__gregtorio-continued__/graphics/icons/electric-blast-furnace-controller.png
umv-naquadah-reactor	__gregtorio-continued__/graphics/icons/fork/umv-large-naquadah-reactor.png
umv-plasma-turbine	__gregtorio-continued__/graphics/icons/fork/umv-large-plasma-turbine.png
uranium-processing	__gregtorio-continued__/graphics/icons/raw-pitchblende.png
uv-components	__gregtorio-continued__/graphics/icons/uv-motor.png
uv-energy-hatches	__gregtorio-continued__/graphics/icons/uv-energy-hatch.png
uv-machines	__gregtorio-continued__/graphics/icons/fork/uv-assembling-machine.png
uv-materials	__gregtorio-continued__/graphics/icons/neutronium-ingot.png
uv-multiblocks	__gregtorio-continued__/graphics/icons/electric-blast-furnace-controller.png
uv-plasma-turbine	__gregtorio-continued__/graphics/icons/fork/uv-large-plasma-turbine.png
uxv-components	__gregtorio-continued__/graphics/icons/uxv-field-generator.png
uxv-energy-hatches	__gregtorio-continued__/graphics/icons/uxv-energy-hatch.png
uxv-machines	__gregtorio-continued__/graphics/icons/fork/uxv-assembling-machine.png
uxv-materials	__gregtorio-continued__/graphics/icons/universium-plate.png
uxv-multiblocks	__gregtorio-continued__/graphics/icons/electric-blast-furnace-controller.png
uxv-naquadah-reactor	__gregtorio-continued__/graphics/icons/fork/uxv-large-naquadah-reactor.png
uxv-plasma-turbine	__gregtorio-continued__/graphics/icons/fork/uxv-large-plasma-turbine.png
vanadium-gallium	__gregtorio-continued__/graphics/icons/vanadium-gallium-ingot.png
water-purification	__gregtorio-continued__/graphics/icons/fork/water-purification-plant.png
wetware-processor-mainframes	__gregtorio-continued__/graphics/icons/uhv-circuit.png
wetware-processors	__gregtorio-continued__/graphics/icons/wetware-processor.png
yttrium-barium-cuprate	__gregtorio-continued__/graphics/icons/yttrium-barium-cuprate-ingot.png
zirconium-carbide	__gregtorio-continued__/graphics/icons/zirconium-carbide-ingot.png
zpm-assembly-line	__gregtorio-continued__/graphics/icons/zpm-assembly-line.png
zpm-components	__gregtorio-continued__/graphics/icons/zpm-motor.png
zpm-energy-hatches	__gregtorio-continued__/graphics/icons/zpm-energy-hatch.png
zpm-machines	__gregtorio-continued__/graphics/icons/fork/zpm-assembling-machine.png
zpm-materials	__gregtorio-continued__/graphics/icons/naquadah-alloy-frame.png
zpm-multiblocks	__gregtorio-continued__/graphics/icons/naquadah-coil-block.png
zpm-plasma-turbine	__gregtorio-continued__/graphics/icons/fork/zpm-large-plasma-turbine.png
zpm-superconductors	__gregtorio-continued__/graphics/icons/palladium-naqindium-superconductive-wire.png
zyngen	__gregtorio-continued__/graphics/icons/zyngen.png
dimensionally-transcendent-plasma-forge	__gregtorio-continued__/graphics/icons/dimensionally-transcendent-plasma-forge.png
dtpf-resplendent-catalyst	__gregtorio-continued__/graphics/fluids/spackled-light-blue-fluid.png
quantum-force-transformer	__gregtorio-continued__/graphics/icons/quantum-force-transformer.png
godforge	__gregtorio-continued__/graphics/icons/godforge.png
godforge-molten-module	__gregtorio-continued__/graphics/icons/stellar-energy-siphon-casing.png
godforge-exotic-module	__gregtorio-continued__/graphics/icons/magmatter-ingot.png
godforge-upgrades	__gregtorio-continued__/graphics/icons/remote-graviton-flow-modulator.png
dtpf-stellar-catalyst	__gregtorio-continued__/graphics/fluids/spackled-yellow-fluid.png
max-materials	__gregtorio-continued__/graphics/icons/magmatter-plate.png
planck-processors	__gregtorio-continued__/graphics/icons/planck-processor.png
planck-processor-mainframes	__gregtorio-continued__/graphics/icons/max-circuit.png
max-components	__gregtorio-continued__/graphics/icons/max-field-generator.png
max-machines	__gregtorio-continued__/graphics/icons/fork/max-assembling-machine.png
max-energy-hatches	__gregtorio-continued__/graphics/icons/max-energy-hatch.png
max-multiblocks	__gregtorio-continued__/graphics/icons/electric-blast-furnace-controller.png
max-plasma-turbine	__gregtorio-continued__/graphics/icons/fork/max-large-plasma-turbine.png
